date,IYR,SPY,XLB,XLC,XLE,XLF,XLI,XLK,XLP,XLRE,XLU,XLV,XLY
2014-01,44.11309814453125,144.35821533203125,17.165124893188477,,26.043977737426758,13.580158233642578,40.035606384277344,14.962261199951172,29.27442741394043,,13.061580657958984,45.65519714355469,27.310625076293945
2014-02,46.208885192871094,150.92877197265625,18.350004196166992,,27.37771987915039,13.992851257324219,41.66007995605469,15.619707107543945,30.41639518737793,,13.512558937072754,48.49436569213867,29.05829620361328
2014-03,46.275970458984375,152.1808319091797,18.501562118530273,,27.954938888549805,14.458925247192383,42.0585823059082,15.686906814575195,31.083412170410156,,13.965354919433594,47.88438034057617,28.225183486938477
2014-04,47.677879333496094,153.2387237548828,18.65416717529297,,29.4239559173584,14.212982177734375,42.62116241455078,15.73005485534668,31.935209274291992,,14.554821014404297,47.58147048950195,27.841392517089844
2014-05,49.01136779785156,156.79483032226562,19.2059326171875,,29.9167537689209,14.42656135559082,43.440956115722656,16.321292877197266,32.512699127197266,,14.39650821685791,48.94867706298828,28.643848419189453
2014-06,49.50764846801758,160.0318145751953,19.516021728515625,,31.566162109375,14.7760591506958,43.647247314453125,16.626306533813477,32.430355072021484,,15.035994529724121,49.98713684082031,29.199148178100586
2014-07,49.452476501464844,157.88137817382812,19.12679672241211,,30.471914291381836,14.561636924743652,41.84679412841797,16.908123016357422,31.35466766357422,,14.013436317443848,50.05286407470703,28.8272705078125
2014-08,51.16964340209961,164.1119842529297,19.865928649902344,,31.13729476928711,15.17893123626709,43.614967346191406,17.46304702758789,32.8010368347168,,14.70306396484375,52.477027893066406,30.109174728393555
2014-09,48.15544128417969,161.84783935546875,19.586776733398438,,28.72372817993164,15.117695808410645,43.114967346191406,17.37275505065918,32.99414825439453,,14.427679061889648,52.7053108215332,29.27488136291504
2014-10,52.17766189575195,165.65943908691406,19.116756439208984,,27.709421157836914,15.554848670959473,44.78601837158203,17.651416778564453,34.1644172668457,,15.586281776428223,55.47623825073242,29.893823623657227
2014-11,53.5972900390625,170.21043395996094,19.41693878173828,,25.300464630126953,15.920230865478516,46.165061950683594,18.500457763671875,36.05877685546875,,15.767951965332031,57.406005859375,31.52239990234375
2014-12,54.02873229980469,169.77870178222656,19.308807373046875,,25.24712371826172,16.21797752380371,46.15509033203125,18.09775161743164,35.72139358520508,,16.330429077148438,56.60038757324219,31.802947998046875
2015-01,57.115501403808594,164.74826049804688,18.95507049560547,,24.09576416015625,15.09000015258789,44.51544189453125,17.463125228881836,35.375144958496094,,16.710845947265625,57.33705520629883,30.850830078125
2015-02,55.631900787353516,174.0079345703125,20.465425491333008,,25.202478408813477,15.968774795532227,46.89741897583008,18.859298706054688,36.84113693237305,,15.64220905303955,59.795406341552734,33.48676681518555
2015-03,56.22966384887695,171.27499389648438,19.461624145507812,,24.91132164001465,15.87039852142334,45.70338821411133,18.211376190185547,36.12543869018555,,15.48652172088623,60.178504943847656,33.32501983642578
2015-04,53.52167510986328,172.95933532714844,20.115938186645508,,26.548967361450195,15.883560180664062,45.58864974975586,18.712366104125977,35.8512077331543,,15.413324356079102,59.522727966308594,33.30733871459961
2015-05,53.344459533691406,175.18289184570312,20.191740036010742,,25.17142105102539,16.192943572998047,45.73616409301758,19.059547424316406,36.16250228881836,,15.51092529296875,62.20380401611328,33.74517822265625
2015-06,50.99839401245117,171.6245574951172,19.39426040649414,,24.294580459594727,16.118295669555664,44.521995544433594,18.275653839111328,35.499149322509766,,14.582746505737305,61.95998764038086,33.93227767944336
2015-07,53.523292541503906,175.50143432617188,18.416330337524414,,22.426259994506836,16.667022705078125,44.653770446777344,18.796554565429688,37.520206451416016,,15.472616195678711,63.792388916015625,35.59163284301758
2015-08,50.411869049072266,164.80459594726562,17.378284454345703,,21.47270965576172,15.490219116210938,42.24072265625,17.75916862487793,35.282859802246094,,14.934471130371094,58.71164321899414,33.26675796508789
2015-09,51.22622299194336,160.59947204589844,16.088565826416016,,19.9280948638916,15.054412841796875,41.30971908569336,17.515535354614258,35.420413970947266,,15.370174407958984,55.36341094970703,33.071495056152344
2015-10,54.41025161743164,174.25997924804688,18.24875831604004,,22.152095794677734,15.997810363769531,44.93643569946289,19.355783462524414,37.439510345458984,21.372323989868164,15.5335054397583,59.63496398925781,36.05978775024414
2015-11,54.30194091796875,174.89691162109375,18.430116653442383,,22.14884376525879,16.31669807434082,45.32561111450195,19.493244171142578,37.09423828125,21.23421859741211,15.203306198120117,59.44272232055664,35.97515106201172
2015-12,54.90216064453125,171.87417602539062,17.630229949951172,,19.8194580078125,15.93091106414795,44.159629821777344,19.087554931640625,38.17652130126953,21.772008895874023,15.525491714477539,60.466827392578125,34.95234680175781
2016-01,52.64989471435547,163.31715393066406,15.742144584655762,,19.12617301940918,14.520328521728516,41.64383316040039,18.378963470458984,38.38067626953125,20.379844665527344,16.293155670166016,55.79939651489258,33.141231536865234
2016-02,52.25503158569336,163.1823272705078,16.972444534301758,,18.590593338012695,14.099162101745605,43.418212890625,18.258630752563477,38.501651763916016,20.477584838867188,16.60883140563965,55.59792709350586,33.28880310058594
2016-03,57.61384201049805,174.15899658203125,18.257781982421875,,20.480501174926758,15.108534812927246,46.44600296020508,19.869354248046875,40.325984954833984,22.668092727661133,17.933629989624023,57.103214263916016,35.51828384399414
2016-04,56.651878356933594,174.84535217285156,19.190839767456055,,22.33694839477539,15.652448654174805,47.02375030517578,18.870506286621094,39.74839401245117,22.118309020996094,17.49992561340332,58.796607971191406,35.56319046020508
2016-05,57.90242385864258,177.81976318359375,19.12564468383789,,22.128467559814453,15.94790267944336,46.82279586791992,19.793201446533203,40.021995544433594,22.498933792114258,17.763757705688477,60.11086654663086,35.58114242553711
2016-06,61.51736068725586,178.43780517578125,18.97559356689453,,22.73052215576172,15.43235969543457,47.15671920776367,19.52049446105957,42.16657638549805,23.871501922607422,19.118791580200195,60.657379150390625,35.17569351196289
2016-07,63.7647819519043,184.94566345214844,19.937881469726562,,22.444061279296875,15.965667724609375,48.86585235595703,20.90677833557129,41.82251739501953,24.64471435546875,18.991252899169922,63.60947036743164,36.779911041259766
2016-08,61.62934494018555,185.1671600341797,19.88465118408203,,22.82045555114746,16.579994201660156,49.32891082763672,21.149829864501953,41.577842712402344,23.72226905822754,17.93821144104004,61.54552459716797,36.302249908447266
2016-09,60.72174835205078,185.1779022216797,19.653759002685547,,23.662120819091797,16.11545753479004,49.42073440551758,21.5943546295166,40.93525695800781,23.411787033081055,18.002986907958984,61.231903076171875,36.20546340942383
2016-10,57.70973205566406,181.96746826171875,19.242156982421875,,22.995256423950195,16.482852935791016,48.4302864074707,21.431659698486328,40.619834899902344,22.111530303955078,18.1646785736084,57.19842529296875,35.327919006347656
2016-11,56.36186981201172,188.67083740234375,20.55515480041504,,24.942241668701172,18.795801162719727,52.832271575927734,21.467809677124023,38.91196060180664,21.439966201782227,17.179819107055664,58.37874984741211,37.024192810058594
2016-12,58.74825668334961,192.4955596923828,20.591461181640625,,25.373937606811523,19.501859664916992,52.99397277832031,21.95294952392578,40.07798385620117,22.371883392333984,18.02142906188965,58.79690170288086,37.03865051269531
2017-01,58.82461929321289,195.94020080566406,21.527814865112305,,24.55867576599121,19.55217933654785,53.98197937011719,22.73374366760254,40.76002883911133,22.342777252197266,18.24776840209961,60.1444206237793,38.599361419677734
2017-02,61.39780044555664,203.6389617919922,21.64797019958496,,24.046613693237305,20.583898544311523,56.094234466552734,23.76420783996582,42.705413818359375,23.383163452148438,19.208755493164062,63.9567756652832,39.30009460449219
2017-03,60.50570297241211,203.89353942871094,21.782581329345703,,23.689285278320312,19.975406646728516,55.6648063659668,24.293209075927734,42.5249137878418,23.13692855834961,19.182762145996094,63.64939880371094,40.138736724853516
2017-04,60.844905853271484,205.91741943359375,22.05689811706543,,22.991146087646484,19.807056427001953,56.75995635986328,24.780797958374023,42.99238586425781,23.173538208007812,19.328567504882812,64.62518310546875,41.10170364379883
2017-05,60.77549743652344,208.82351684570312,22.061054229736328,,22.17778205871582,19.57136344909668,57.76958084106445,25.76054573059082,44.129920959472656,23.327301025390625,20.128629684448242,65.12164306640625,41.55351257324219
2017-06,62.03965759277344,210.15476989746094,22.4692325592041,,22.153013229370117,20.846107482910156,58.55017852783203,25.036211013793945,43.135467529296875,23.773805618286133,19.583377838134766,68.09581756591797,41.03021240234375
2017-07,62.7318000793457,214.47433471679688,22.81581687927246,,22.733118057250977,21.201000213623047,58.72208786010742,26.152591705322266,43.433815002441406,24.061756134033203,20.058263778686523,68.6544189453125,41.82215881347656
2017-08,63.151798248291016,215.1001434326172,22.995370864868164,,21.48760414123535,20.8714599609375,58.85103225708008,26.916671752929688,42.954872131347656,24.30539321899414,20.717824935913086,69.8575439453125,41.0439453125
2017-09,62.65602493286133,219.4342041015625,23.845510482788086,,23.67554473876953,21.94278907775879,61.313629150390625,27.136798858642578,42.64775085449219,23.973915100097656,20.146686553955078,70.49417114257812,41.38209915161133
2017-10,62.687400817871094,224.60494995117188,24.769102096557617,,23.478477478027344,22.570695877075195,61.77131652832031,28.90459442138672,41.94458770751953,24.167253494262695,20.932802200317383,69.95943450927734,42.25953674316406
2017-11,64.29537200927734,231.47015380859375,25.004196166992188,,23.889896392822266,23.35133171081543,64.34478759765625,29.313261032104492,44.283180236816406,24.873680114746094,21.494863510131836,71.9949951171875,44.400306701660156
2017-12,64.21611022949219,234.27748107910156,25.536027908325195,,25.14874839782715,23.792238235473633,65.70152282714844,29.473251342773438,45.28089141845703,24.764667510986328,20.19266128540039,71.59867095947266,45.49178695678711
2018-01,62.274044036865234,247.48110961914062,26.556962966918945,,26.050155639648438,25.352251052856445,69.2266845703125,31.54720687866211,46.0211181640625,24.291030883789062,19.56403160095215,76.29222869873047,49.69569778442383
2018-02,58.12825012207031,238.48268127441406,25.156343460083008,,23.227622985839844,24.61060905456543,66.55242156982422,31.418163299560547,42.51103210449219,22.637041091918945,18.805089950561523,72.86297607421875,47.97171401977539
2018-03,60.32079315185547,231.94570922851562,24.113271713256836,,23.62783432006836,23.587955474853516,64.7632827758789,30.24506950378418,42.12549591064453,23.503808975219727,19.51902961730957,70.73786926269531,46.82773208618164
2018-04,60.4566650390625,233.14450073242188,24.142919540405273,,25.871091842651367,23.485292434692383,62.95871353149414,30.263566970825195,40.380611419677734,23.36012077331543,19.91690444946289,71.48523712158203,47.94191360473633
2018-05,62.49477767944336,238.81195068359375,24.63840103149414,,26.645723342895508,23.25428581237793,64.89405822753906,32.31626892089844,39.74828338623047,23.881919860839844,19.69671630859375,71.61558532714844,48.89426803588867
2018-06,65.03175354003906,240.18539428710938,24.706289291381836,45.806434631347656,26.797483444213867,22.84804916381836,62.6948127746582,32.231239318847656,41.564395904541016,24.947439193725586,20.25095558166504,72.7967529296875,50.663597106933594
2018-07,65.57245635986328,249.0834503173828,25.41254425048828,44.81687545776367,27.213884353637695,24.01666259765625,67.3249282836914,32.90397262573242,43.20988082885742,25.206754684448242,20.574440002441406,77.56786346435547,51.57674026489258
2018-08,67.13005828857422,257.0340576171875,25.216842651367188,45.48275375366211,26.268159866333008,24.343183517456055,67.48247528076172,35.075294494628906,43.379276275634766,25.81689453125,20.83945655822754,80.92597198486328,54.20957565307617
2018-09,65.21456909179688,258.56231689453125,24.764089584350586,45.438934326171875,26.91067886352539,23.80386734008789,68.95182037353516,35.068538665771484,43.80751037597656,25.133756637573242,20.704357147216797,83.31671142578125,54.49712371826172
2018-10,63.657958984375,240.69451904296875,22.48988151550293,42.694053649902344,23.86217498779297,22.681854248046875,61.458587646484375,32.261390686035156,44.6848030090332,24.732980728149414,21.11332130432129,77.66887664794922,48.99254608154297
2018-11,66.64891815185547,245.15927124023438,23.344850540161133,41.7389030456543,23.489107131958008,23.277387619018555,63.79802322387695,31.628267288208008,45.70017623901367,26.089468002319336,21.86049461364746,83.94717407226562,50.20597457885742
2018-12,61.43546676635742,223.57339477539062,21.736921310424805,38.404624938964844,20.567256927490234,20.686857223510742,56.99778747558594,28.978925704956055,41.62620544433594,24.173370361328125,20.987285614013672,76.09506225585938,46.21145248413086
2019-01,68.48571014404297,241.47393798828125,22.954561233520508,42.91679763793945,22.873226165771484,22.527999877929688,63.51079177856445,30.989404678344727,43.76573181152344,26.770063400268555,21.716999053955078,79.75422668457031,50.77146530151367
2019-02,68.98577117919922,249.30145263671875,23.686010360717773,42.721431732177734,23.400407791137695,23.031715393066406,67.55489349365234,33.130794525146484,44.544471740722656,27.066383361816406,22.60932159423828,80.61625671386719,51.43889617919922
2019-03,71.86309814453125,253.81399536132812,23.98278045654297,43.588958740234375,23.898387908935547,22.442243576049805,66.77833557128906,34.710697174072266,46.24740982055664,28.405683517456055,23.24044418334961,81.00475311279297,53.31914138793945
2019-04,71.83010864257812,264.1828918457031,24.825422286987305,46.66451644897461,23.8947696685791,24.458642959594727,69.43061828613281,36.91998291015625,47.5661735534668,28.256671905517578,23.456188201904297,78.80635070800781,56.232147216796875
2019-05,71.7227783203125,247.335693359375,22.794445037841797,43.8871955871582,21.241802215576172,22.70411491394043,64.12608337402344,33.72097396850586,45.83528518676758,28.60174560546875,23.272403717041016,77.0582504272461,51.956321716308594
2019-06,72.64014434814453,264.5468444824219,25.43033218383789,45.982357025146484,23.237503051757812,24.214773178100586,69.20514678955078,36.735042572021484,48.227691650390625,29.06576156616211,24.01393699645996,82.1395034790039,56.017173767089844
2019-07,74.37067413330078,268.546630859375,25.360774993896484,47.43974304199219,22.869121551513672,24.785049438476562,69.5627212524414,38.020111083984375,49.357173919677734,29.571674346923828,23.98171615600586,80.80951690673828,56.73147964477539
2019-08,76.9248275756836,264.0502624511719,24.643512725830078,46.27196502685547,20.965187072753906,23.618179321289062,67.7213134765625,37.4364128112793,50.42853927612305,30.99452781677246,25.201946258544922,80.3306884765625,56.19573974609375
2019-09,78.37873840332031,269.18817138671875,25.42711639404297,46.37052536010742,21.790014266967773,24.690950393676758,69.76066589355469,38.025238037109375,51.311668395996094,31.305463790893555,26.27344512939453,80.24590301513672,56.91025924682617
2019-10,78.9820556640625,275.1384582519531,25.422754287719727,47.40058135986328,21.333600997924805,25.3082275390625,70.55144500732422,39.50790786743164,51.09446716308594,31.297502517700195,26.0745849609375,84.35926818847656,56.98097229003906
2019-11,78.09385681152344,285.0979309082031,26.231000900268555,49.21719741821289,21.67591667175293,26.586864471435547,73.7236099243164,41.628021240234375,51.79621505737305,30.756389617919922,25.587596893310547,88.5794448852539,57.73537063598633
2019-12,78.7635498046875,293.3816223144531,26.981847763061523,50.32843017578125,22.982149124145508,27.28058624267578,73.5753173828125,43.42661666870117,53.04591751098633,31.107213973999023,26.429561614990234,91.65785217285156,59.33069610595703
2020-01,80.02438354492188,293.2631530761719,25.316892623901367,50.591182708740234,20.455801010131836,26.553813934326172,73.25022888183594,45.160465240478516,53.21437454223633,31.557689666748047,28.21279525756836,89.21026611328125,59.28340530395508
2020-02,73.95719146728516,270.0468444824219,23.15993309020996,47.635108947753906,17.328475952148438,23.56694984436035,65.99835205078125,41.863319396972656,48.843021392822266,29.594890594482422,25.431598663330078,83.33430480957031,54.79409408569336
2020-03,59.43760681152344,236.32565307617188,19.91830062866211,41.63346862792969,11.372519493103027,18.609424591064453,53.70552444458008,38.272308349609375,46.14098358154297,25.124113082885742,22.889558792114258,80.09480285644531,46.622474670410156
2020-04,64.97384643554688,266.3351135253906,22.943193435668945,47.317596435546875,14.871152877807617,20.370256423950195,58.43809509277344,43.52956771850586,49.35145950317383,27.490644454956055,23.653779983520508,90.17672729492188,55.425987243652344
2020-05,66.14430236816406,279.0247497558594,24.5219783782959,50.83724594116211,15.168572425842285,20.92443084716797,61.587066650390625,46.6534538269043,50.173133850097656,28.082273483276367,24.65760040283203,93.14250946044922,59.03388977050781
2020-06,67.77912139892578,283.9730224609375,25.056913375854492,50.95883560180664,15.002394676208496,20.815032958984375,62.80207061767578,49.89541244506836,50.0604362487793,28.429086685180664,23.505535125732422,90.86744689941406,60.84852981567383
2020-07,70.57423400878906,300.69683837890625,26.84001922607422,54.81562805175781,14.281009674072266,21.615610122680664,65.57194519042969,52.73184585571289,53.526424407958984,29.61329460144043,25.338321685791016,95.82535552978516,65.27481842041016
2020-08,70.7376480102539,321.6845397949219,28.009496688842773,59.653133392333984,14.130395889282227,22.5421199798584,71.1299819946289,58.99683380126953,55.98505401611328,29.60512924194336,24.68018341064453,98.30430603027344,71.51168060302734
2020-09,69.08141326904297,309.6394958496094,28.43177032470703,56.131710052490234,12.066420555114746,21.77067756652832,70.6447525024414,55.84929275512695,55.047428131103516,28.978145599365234,24.947059631347656,96.16081237792969,70.17911529541016
2020-10,67.06537628173828,301.9190979003906,28.22625732421875,55.942718505859375,11.570868492126465,21.580738067626953,69.62608337402344,53.054443359375,53.46727752685547,28.057945251464844,26.207433700561523,92.67831420898438,68.26446533203125
2020-11,72.81927490234375,334.7608947753906,31.71544647216797,61.80158233642578,14.810067176818848,25.216720581054688,80.78533172607422,59.093997955322266,57.46059036254883,29.988731384277344,26.400691986083984,100.04443359375,75.08756256103516
2020-12,74.64224243164062,347.1632080078125,32.50251007080078,63.86896896362305,15.473579406738281,26.806900024414062,81.59870910644531,62.36878204345703,58.40926742553711,30.427125930786133,26.564491271972656,103.84394836425781,76.91056060791016
2021-01,74.31979370117188,343.6253967285156,31.71677017211914,63.301082611083984,16.053325653076172,26.32495880126953,78.1154556274414,61.845909118652344,55.499629974365234,30.59358024597168,26.331470489501953,105.2994384765625,77.49895477294922
2021-02,76.12374114990234,353.1801452636719,33.02334213256836,67.74009704589844,19.658384323120117,29.380290985107422,83.49701690673828,62.69015884399414,54.815521240234375,31.076292037963867,24.725736618041992,103.08415222167969,77.08755493164062
2021-03,80.5191650390625,369.21435546875,35.52994918823242,69.51905822753906,20.2424373626709,31.099748611450195,91.00080108642578,63.841575622558594,59.47386932373047,33.193782806396484,27.334810256958008,107.23568725585938,80.52552032470703
2021-04,86.86856842041016,388.7495422363281,37.44172668457031,74.00387573242188,20.378591537475586,33.118263244628906,94.21746063232422,67.15360260009766,60.57960510253906,35.950828552246094,28.478748321533203,111.4520034790039,85.72396850585938
2021-05,87.7443618774414,391.3021545410156,39.34446334838867,74.70550537109375,21.54214096069336,34.698368072509766,97.16609191894531,66.52869415283203,61.65047836303711,36.36269760131836,27.8128719329834,113.53717803955078,82.81092071533203
2021-06,89.72599029541016,400.07806396484375,37.273677825927734,76.91048431396484,22.454227447509766,33.64374542236328,94.95123291015625,71.11006927490234,61.314823150634766,37.50321578979492,27.198680877685547,116.1473388671875,85.67357635498047
2021-07,93.93326568603516,409.84490966796875,38.04804611206055,78.268798828125,20.586862564086914,33.48786544799805,95.84136962890625,73.87434387207031,62.66433334350586,39.23751449584961,28.377307891845703,121.86479949951172,86.57566833496094
2021-08,95.75523376464844,422.0419006347656,38.768070220947266,81.32735443115234,20.174205780029297,35.21177291870117,96.9077377319336,76.50377655029297,63.32155990600586,40.33731460571289,29.48279571533203,124.68666076660156,88.12071228027344
2021-09,90.36720275878906,402.37237548828125,35.98119354248047,76.22380828857422,21.976064682006836,34.56299591064453,91.01592254638672,72.0359878540039,60.70057678222656,37.815406799316406,27.68634796142578,117.8059310913086,86.23424530029297
2021-10,96.94241333007812,430.604248046875,38.71468734741211,76.40458679199219,24.245813369750977,37.07717514038086,97.20211791992188,77.92642974853516,62.82563781738281,40.68239212036133,28.99958610534668,123.83966064453125,96.66211700439453
2021-11,94.60357666015625,427.1444091796875,38.500919342041016,71.7137451171875,23.030780792236328,34.959007263183594,93.7415771484375,81.39506530761719,61.97916030883789,40.31658172607422,28.505495071411133,120.05469512939453,98.24311065673828
2021-12,103.56177520751953,446.8989562988281,41.42051696777344,74.06372833251953,23.717876434326172,36.135128021240234,98.80138397216797,84.0382308959961,68.4588623046875,44.45433807373047,31.267475128173828,130.88345336914062,98.39022827148438
2022-01,95.03711700439453,423.328857421875,38.60460662841797,70.50737762451172,28.170856475830078,36.14438247680664,94.06721496582031,78.28650665283203,67.44677734375,40.61895751953125,30.24968910217285,121.90950775146484,89.01034545898438
2022-02,90.67672729492188,410.83349609375,38.115478515625,65.263427734375,30.162307739257812,35.64468765258789,93.27349090576172,74.46812438964844,66.49681854248047,38.671241760253906,29.67308807373047,120.729736328125,85.3912124633789
2022-03,96.90133666992188,426.2768249511719,40.447731018066406,65.74473571777344,32.979042053222656,35.59836196899414,96.4787368774414,76.9591064453125,67.68135833740234,41.69730758666992,32.74284362792969,127.65741729736328,89.17120361328125
2022-04,92.89884185791016,388.8629455566406,39.01610565185547,56.45369338989258,32.42249298095703,32.0589599609375,89.13370513916016,68.48018646240234,69.24207305908203,40.213050842285156,31.335670471191406,121.41385650634766,78.50920867919922
2022-05,88.77100372314453,389.7407531738281,39.47496032714844,57.524261474609375,37.62129592895508,32.950775146484375,88.72146606445312,68.01048278808594,66.41495513916016,38.15925216674805,32.685672760009766,123.22168731689453,74.4892807006836
2022-06,82.65372467041016,357.6025695800781,34.00519561767578,52.00063705444336,31.19804573059082,29.372037887573242,82.18534851074219,61.71562576293945,64.85602569580078,35.543540954589844,31.085556030273438,120.00801849365234,66.41948699951172
2022-07,89.97733306884766,390.53326416015625,36.09817886352539,54.01280975341797,34.21269989013672,31.48271942138672,89.9955062866211,70.01751708984375,66.931640625,38.570743560791016,32.7787971496582,123.9009780883789,78.66659545898438
2022-08,84.70252990722656,374.5987548828125,34.841468811035156,52.10602951049805,35.12015151977539,30.86631965637207,87.44544982910156,65.6675033569336,65.6916732788086,36.404720306396484,32.95167541503906,116.75140380859375,75.13017272949219
2022-09,73.93395233154297,339.9685974121094,31.600183486938477,45.984432220458984,31.76311492919922,28.503211975097656,78.32408142089844,57.80899429321289,60.34906768798828,31.609750747680664,29.234394073486328,113.78746795654297,68.96469116210938
2022-10,76.26764678955078,367.5997619628906,34.420555114746094,46.29169464111328,39.69287109375,31.901809692382812,89.20663452148438,62.2330207824707,65.78437042236328,32.241764068603516,29.8011417388916,124.72367095947266,69.7296142578125
2022-11,80.97137451171875,388.03515625,38.44898223876953,49.460391998291016,40.20005798339844,34.089317321777344,96.17484283447266,66.17033386230469,69.80884552001953,34.44505310058594,31.876243591308594,130.6145782470703,70.76567840576172
2022-12,77.13861083984375,365.6734619140625,36.327083587646484,46.19389343261719,38.97438049316406,32.3096923828125,93.29939270019531,60.73756790161133,67.90476989746094,32.785400390625,31.718647003173828,128.16201782226562,62.70195007324219
2023-01,84.8350601196289,388.669677734375,39.58660888671875,53.01853942871094,40.07049560546875,34.53925323486328,96.75739288330078,66.36032104492188,67.16697692871094,36.03464126586914,31.08426856994629,125.81291961669922,72.18783569335938
2023-02,79.77738952636719,378.8974304199219,38.26782989501953,51.4976692199707,37.290103912353516,33.74567794799805,95.92139434814453,66.6336669921875,65.60940551757812,33.9217414855957,29.244142532348633,119.97322845458984,70.65376281738281
2023-03,78.23212432861328,392.9461364746094,37.884742736816406,55.95295333862305,37.29209518432617,30.52374839782715,96.5152587890625,73.8687515258789,68.37764739990234,33.421043395996094,30.67886734008789,122.61002349853516,72.81713104248047
2023-04,78.95086669921875,399.223388671875,37.83306884765625,57.8157958984375,38.32761001586914,31.49215316772461,95.3896484375,73.78071594238281,70.8762435913086,33.751853942871094,31.263532638549805,126.46465301513672,71.99908447265625
2023-05,75.77182006835938,401.0663146972656,35.2357177734375,60.07437515258789,34.48270034790039,30.153478622436523,92.38489532470703,80.3599624633789,66.51055908203125,32.222965240478516,29.427967071533203,121.06626892089844,73.82510375976562
2023-06,80.11976623535156,427.05535888671875,39.113651275634766,62.917564392089844,36.866615295410156,32.14844512939453,102.78156280517578,85.22429656982422,68.36500549316406,34.02227783203125,29.897668838500977,126.22445678710938,82.853759765625
2023-07,81.51773834228516,441.0342712402344,40.45881271362305,66.50430297851562,39.73255157470703,33.69340896606445,105.75045776367188,87.42525482177734,69.82132720947266,34.47361755371094,30.642370223999023,127.5748519897461,84.77129364013672
2023-08,79.00879669189453,433.8665466308594,39.12308120727539,65.47953033447266,40.38658142089844,32.78740310668945,103.653076171875,86.10663604736328,67.06536102294922,33.41747283935547,28.76462745666504,126.6809310913086,83.29288482666016
2023-09,73.1656494140625,413.2863464355469,37.253379821777344,63.5494270324707,41.35719299316406,31.774860382080078,97.48827362060547,80.52836608886719,63.85434341430664,30.99974822998047,27.141605377197266,122.93221282958984,78.68511962890625
2023-10,70.53453826904297,404.314453125,36.07246398925781,62.72563171386719,38.97797775268555,30.998931884765625,94.584228515625,80.5676498413086,62.972755432128906,30.11716079711914,27.49163818359375,118.92168426513672,74.34467315673828
2023-11,79.20503997802734,441.2460632324219,39.08403778076172,67.62001037597656,38.698875427246094,34.390037536621094,102.94062042236328,90.95731353759766,65.57111358642578,33.87498474121094,28.905601501464844,125.38624572753906,82.49764251708984
2023-12,86.31378936767578,461.39129638671875,40.85195541381836,70.59390258789062,38.72874450683594,36.19685363769531,110.21393585205078,94.76177215576172,67.34915924072266,36.83767318725586,29.442903518676758,130.8105926513672,87.5565414428711
2024-01,81.91358184814453,468.7396545410156,39.261619567871094,73.72234344482422,38.53011703491211,37.31356430053711,109.15037536621094,97.32183074951172,68.18132019042969,35.06291961669922,28.568870544433594,134.6472625732422,83.693115234375
2024-02,83.66043853759766,493.2016296386719,41.816654205322266,77.10338592529297,39.79120635986328,38.8346061706543,116.9917221069336,101.90040588378906,69.61190032958984,35.96408462524414,28.871061325073242,138.9059600830078,90.29866027832031
2024-03,85.21138000488281,509.3303527832031,44.521507263183594,79.55269622802734,43.9638557434082,40.70083999633789,122.16381072998047,102.70481872558594,71.92342376708984,36.5977783203125,30.773666381835938,142.20877075195312,90.24018096923828
2024-04,78.29210662841797,488.7943420410156,42.479713439941406,75.85076141357422,43.54941177368164,39.000144958496094,117.85761260986328,96.78723907470703,71.11338806152344,33.50553894042969,31.284603118896484,135.08531188964844,86.18184661865234
2024-05,82.14984130859375,513.517333984375,43.869659423828125,81.11140441894531,43.400390625,40.23701858520508,119.78765869140625,103.63684844970703,72.84648132324219,35.227569580078125,34.08775329589844,138.32940673828125,86.35362243652344
2024-06,83.6912612915039,531.6343994140625,42.52796936035156,83.67012023925781,42.7866325378418,39.882164001464844,118.6031265258789,111.75720977783203,72.67520904541016,35.92214584350586,32.19839096069336,140.85250854492188,89.7015609741211
2024-07,90.07255554199219,538.0720825195312,44.37240982055664,83.79710388183594,43.753623962402344,42.433616638183594,124.43255615234375,108.08679962158203,73.88044738769531,38.52207565307617,34.39567184448242,144.60214233398438,92.20474243164062
2024-08,94.93721008300781,550.6443481445312,45.40298080444336,85.29156494140625,42.847660064697266,44.37388229370117,127.93603515625,108.84261322021484,78.30284881591797,40.72921371459961,36.04953384399414,151.91778564453125,92.02277374267578
2024-09,97.84525299072266,562.2103881835938,46.621456146240234,88.5680160522461,41.554473876953125,44.12588119506836,132.2373046875,111.72534942626953,79.18643951416016,42.06949996948242,38.42987060546875,149.39979553222656,98.74224090576172
2024-10,94.42589569091797,557.1934204101562,45.17511749267578,90.1747817993164,41.928367614746094,45.25531768798828,130.66537475585938,109.98335266113281,76.43876647949219,40.685081481933594,38.0159797668457,142.46424865722656,97.02730560302734
2024-11,98.26785278320312,590.4209594726562,45.84749221801758,96.40589141845703,45.21297073364258,49.987266540527344,140.5851287841797,115.66958618164062,79.3963394165039,42.380287170410156,39.452701568603516,142.98806762695312,109.54934692382812
2024-12,90.12220764160156,576.2152709960938,40.91291427612305,95.09467315673828,40.88175964355469,47.25725173950195,129.29164123535156,115.25933074951172,75.56721496582031,38.71427536010742,36.30670166015625,134.04745483398438,110.76910400390625
2025-01,91.82665252685547,591.6903076171875,43.17396926879883,100.56598663330078,41.826725006103516,50.32756042480469,135.75819396972656,114.41168212890625,75.92288208007812,39.42820739746094,37.3571891784668,143.10928344726562,114.63009643554688
2025-02,95.3033218383789,584.178955078125,43.15938186645508,100.1927261352539,43.430301666259766,51.021793365478516,133.7760467529297,111.7944107055664,79.86418914794922,41.07501983642578,37.99995803833008,145.11656188964844,106.62669372558594
2025-03,93.07491302490234,551.6289672851562,42.00690460205078,95.02145385742188,44.947425842285156,48.881309509277344,129.00965881347656,102.5311050415039,78.92462921142578,40.0925178527832,38.09092712402344,142.82174682617188,97.76095581054688
2025-04,91.0724868774414,546.8462524414062,40.98579788208008,94.02642059326172,38.718753814697266,47.85087966918945,129.1573028564453,104.26412200927734,79.07925415039062,39.565616607666016,38.115081787109375,137.40274047851562,97.66194152832031
2025-05,91.89873504638672,581.2127685546875,42.18278121948242,99.89814758300781,39.21416473388672,50.009864807128906,140.574951171875,114.66222381591797,80.0456314086914,39.97755813598633,39.57398986816406,129.7436981201172,105.85078430175781
2025-06,92.6045150756836,611.0790405273438,43.1195182800293,107.18204498291016,41.12360763549805,51.5697021484375,145.64300537109375,125.95399475097656,78.78492736816406,40.03952407836914,39.722286224365234,132.47616577148438,107.82722473144531
2025-07,92.71200561523438,625.1531372070312,43.08023452758789,106.07596588134766,42.2873420715332,51.5697021484375,150.07586669921875,130.68417358398438,77.62704467773438,40.02985763549805,41.672882080078125,128.1909942626953,109.86141967773438
2025-08,95.408935546875,637.9810180664062,45.31452941894531,110.00653076171875,43.82929611206055,53.16495132446289,150.07586669921875,130.53994750976562,78.60006713867188,40.89986801147461,41.01619338989258,135.0708465576172,114.9766845703125
2025-09,95.46185302734375,660.7061157226562,44.21717071533203,117.30753326416016,43.68983459472656,53.221405029296875,152.89669799804688,140.3744354248047,76.77836608886719,41.036705017089844,42.70754623413086,137.40650939941406,119.10592651367188
2025-10,93.08218383789062,676.4556274414062,42.2682991027832,113.77948760986328,43.09811782836914,51.739463806152344,153.71954345703125,149.74732971191406,74.7308120727539,39.838626861572266,43.633094787597656,142.42213439941406,119.25006103515625
2025-11,95.28485107421875,677.7747192382812,44.10862350463867,114.35427856445312,44.23265838623047,52.68791198730469,152.3613739013672,142.54583740234375,77.758056640625,40.58863830566406,44.382354736328125,155.65232849121094,117.52540588378906
2025-12,93.1697006225586,678.3152465820312,44.98102569580078,117.04104614257812,44.101722717285156,54.29969024658203,154.3057098388672,143.61996459960938,76.71292114257812,39.7324333190918,42.1246223449707,153.4893035888672,118.9336166381836
2026-01,95.4719009399414,688.3120727539062,48.86913299560547,119.38744354248047,50.355464935302734,52.981109619140625,164.571533203125,143.5301971435547,82.47035217285156,40.79590606689453,42.67720413208008,153.42982482910156,120.68659210205078
2026-02,100.50300598144531,682.3637084960938,52.97544860839844,117.36914825439453,55.15920639038086,50.988372802734375,176.21011352539062,138.42262268066406,88.8894271850586,43.16901779174805,47.09787368774414,158.8435821533203,116.39378356933594
2026-03,94.09793853759766,648.6688842773438,49.78385543823242,110.57234191894531,60.82136917114258,49.197662353515625,161.33306884765625,132.74171447753906,81.41510009765625,40.47532272338867,45.59882736206055,145.96624755859375,108.76327514648438
2026-04,102.12850189208984,716.8132934570312,51.27826690673828,116.20768737792969,59.222900390625,51.948028564453125,174.1515350341797,159.31004333496094,83.72903442382812,44.014312744140625,46.552738189697266,145.34898376464844,118.11463165283203
2026-05,100.93436431884766,754.5361328125,50.95945739746094,115.38981628417969,55.886959075927734,51.39994812011719,172.70509338378906,190.79251098632812,82.33869171142578,43.607872009277344,44.138153076171875,148.81369018554688,120.62963104248047
2026-06,102.25,746.77001953125,50.83000183105469,107.12999725341797,53.11000061035156,53.61000061035156,185.22999572753906,190.52000427246094,83.06999969482422,44.029998779296875,45.34000015258789,158.66000366210938,117.27999877929688
2026-07,105.08999633789062,747.030029296875,50.43000030517578,108.23999786376953,59.54999923706055,56.939998626708984,179.83999633789062,175.35000610351562,85.05000305175781,45.06999969482422,44.349998474121094,162.5500030517578,116.08999633789062
2026-08,102.56999969482422,770.5599975585938,53.2400016784668,111.2699966430664,60.93000030517578,57.79999923706055,185.6999969482422,186.08999633789062,84.69000244140625,44.08000183105469,43.630001068115234,168.00999450683594,119.23999786376953
